STATE,TIME,MEMORY,DISTANCE
RI,0.045020364,110381.8984375,435409.58121959394
AVG-RI,0.045020364,110381.8984375,435409.58121959394,
DE,NO solution
VT,0.335379488,5715.8671875,3003003.669021485
AVG-VT,0.335379488,5715.8671875,3003003.669021485,
WY,7.574782358,24198.265625,1.059369609917083E7
AVG-WY,7.574782358,24198.265625,1.059369609917083E7,
UT,25.522446323,52297.8671875,1.0062280323708367E7
AVG-UT,25.522446323,52297.8671875,1.0062280323708367E7,
