STATE,TIME,MEMORY,DISTANCE
RI,0.005094607,111035.7578125,316990.42565407197
AVG-RI,0.005094607,111035.7578125,316990.42565407197,
DE,0.091053642,81740.71875,757003.2819625974
AVG-DE,0.091053642,81740.71875,757003.2819625974,
VT,0.12066765500000001,84218.75,3026784.9296075706
AVG-VT,0.12066765500000001,84218.75,3026784.9296075706,
WY,1.8280190900000002,22393.2578125,1.0551347725714497E7
AVG-WY,1.8280190900000002,22393.2578125,1.0551347725714497E7,
UT,3.5568940390000003,49909.8203125,9664739.949256834
AVG-UT,3.5568940390000003,49909.8203125,9664739.949256834,
