STATE,TIME,MEMORY,DISTANCE
RI,0.014555313,83011.90625,326669.908744402
AVG-RI,0.014555313,83011.90625,326669.908744402,
