STATE,TIME,MEMORY,DISTANCE
RI,0.392961329,112490.0234375,1003744.55517649
AVG-RI,0.392961329,112490.0234375,1003744.55517649,
DE,1.2709879160000002,5106.4765625,2312079.931813149
AVG-DE,1.2709879160000002,5106.4765625,2312079.931813149,
VT,1.5093059800000002,7609.03125,6247419.811470688
AVG-VT,1.5093059800000002,7609.03125,6247419.811470688,
WY,7.147547512,23284.875,6.526605783567238E7
AVG-WY,7.147547512,23284.875,6.526605783567238E7,
UT,14.110668956000001,50877.796875,6.942309330517477E7
AVG-UT,14.110668956000001,50877.796875,6.942309330517477E7,
