STATE,TIME,MEMORY,DISTANCE
RI,0.0012321370000000001,82057.453125,301140.426190762
AVG-RI,0.0012321370000000001,82057.453125,301140.426190762,
DE,0.054142899,81507.984375,778496.2165819975
AVG-DE,0.054142899,81507.984375,778496.2165819975,
VT,0.010966287,82706.328125,3298145.53188325
AVG-VT,0.010966287,82706.328125,3298145.53188325,
WY,0.06578563700000001,19685.0234375,1.0134153624951927E7
AVG-WY,0.06578563700000001,19685.0234375,1.0134153624951927E7,
UT,0.125270997,49836.140625,1.0281054106360542E7
AVG-UT,0.125270997,49836.140625,1.0281054106360542E7,
